{"0x0001": 78.94779927626189, "0x0002": 436.15460391585606, "0x0003": 467.8645000914068}