{"0x0001": 77.2516348232817, "0x0002": 631.7014935204655, "0x0003": 482.3066767752911}